Season,Rk,Squad,MP,W,D,L,GF,GA,GD,Pts,Attendance,Top Team Scorer,Goalkeeper,Notes
2022-2023,1,engManchester City,13,8,5,0,32,5,+27,29,"63,639",Erling Haaland-12,Ederson
2022-2023,2,itInter,13,7,3,3,19,11,+8,24,"71,415",Edin Džeko-4,André Onana
2022-2023,SF,esReal Madrid,12,8,2,2,26,13,+13,26,"58,761",Vinicius Júnior-7,Thibaut Courtois
2022-2023,SF,itMilan,12,5,3,4,15,11,+4,18,"72,546",Olivier Giroud-5,Mike Maignan
2022-2023,QF,deBayern Munich,10,8,1,1,22,6,+16,25,"75,000","Leroy Sané,Eric Maxim Choupo-Moting-4",Yann Sommer
2022-2023,QF,itNapoli,10,7,1,2,26,8,+18,22,"49,133",Victor Osimhen-5,Alex Meret
2022-2023,QF,ptBenfica,10,6,3,1,26,13,+13,21,"60,222",João Mário-6,Odisseas Vlachodimos
2022-2023,QF,engChelsea,10,5,1,4,12,9,+3,16,"39,216",Raheem Sterling-3,Kepa Arrizabalaga
2022-2023,R16,engLiverpool,8,5,0,3,19,12,+7,15,"51,578",Mohamed Salah-8,Alisson
2022-2023,R16,frParis S-G,8,4,2,2,16,10,+6,14,"46,680",Kylian Mbappé-7,Gianluigi Donnarumma
2022-2023,R16,ptPorto,8,4,1,3,12,8,+4,13,"44,296",Mehdi Taremi-5,Diogo Costa
2022-2023,R16,deRB Leipzig,8,4,1,3,14,17,-3,13,"44,319","André Silva,Christopher Nkunku-3",Janis Blaswich
2022-2023,R16,deDortmund,8,3,3,2,11,7,+4,12,"78,516",Jude Bellingham-4,Alexander Meyer
2022-2023,R16,engTottenham,8,3,3,2,8,7,+1,12,"58,434","Son Heung-min,Richarlison-2",Hugo Lloris
2022-2023,R16,beClub Brugge,8,3,2,3,8,11,-3,11,"24,296","Kamal Sowah,Jutglà-2",Simon Mignolet
2022-2023,R16,deEint Frankfurt,8,3,1,4,7,13,-6,10,"49,300",Daichi Kamada-3,Kevin Trapp
2022-2023,GR,esBarcelona,6,2,1,3,12,12,0,7,"84,576",Robert Lewandowski-5,Marc-André ter Stegen
2022-2023,GR,ptSporting CP,6,2,1,3,8,9,-1,7,"39,923","Marcus Edwards,Arthur... -2",Antonio Adán
2022-2023,GR,frMarseille,6,2,0,4,8,8,0,6,"37,962","Alexis Sánchez,Chancel Mbemba... -2",Pau López
2022-2023,GR,uaShakhtar,6,1,3,2,8,10,-2,6,"25,257",Mykhailo Mudryk-3,Anatolii Trubin
2022-2023,GR,atRB Salzburg,6,1,3,2,5,9,-4,6,"29,301",Noah Okafor-3,Philipp Köhn
2022-2023,GR,nlAjax,6,2,0,4,11,16,-5,6,"53,028",Kudus Mohammed-4,Remko Pasveer
2022-2023,GR,esAtlético Madrid,6,1,2,3,5,9,-4,5,"58,797","Antoine Griezmann,Yannick Carrasco... -1",Jan Oblak
2022-2023,GR,deLeverkusen,6,1,2,3,4,8,-4,5,"28,748",Moussa Diaby-2,Lukáš Hrádecký
2022-2023,GR,esSevilla,6,1,2,3,6,12,-6,5,"34,415",Youssef En-Nesyri-2,Yassine Bounou
2022-2023,GR,hrDinamo Zagreb,6,1,1,4,4,11,-7,4,"20,653",Mislav Oršić-2,Dominik Livaković
2022-2023,GR,itJuventus,6,1,0,5,9,13,-4,3,"34,534","Adrien Rabiot,Arkadiusz Milik... -2",Wojciech Szczęsny
2022-2023,GR,dkFC Copenhagen,6,0,3,3,1,12,-11,3,"34,086",Hákon Arnar Haraldsson-1,Kamil Grabara
2022-2023,GR,ilMaccabi Haifa,6,1,0,5,7,21,-14,3,"30,317","Tjaronn Chery,Omer Atzili... -2",Josh Cohen
2022-2023,GR,sctCeltic,6,0,2,4,4,15,-11,2,"57,367",Jota-2,Joe Hart
2022-2023,GR,czViktoria Plzeň,6,0,0,6,5,24,-19,0,"11,279",Tomáš Chorý-2,Jindřich Staněk
2022-2023,GR,sctRangers,6,0,0,6,2,22,-20,0,"49,253","Scott Arfield,James Tavernier-1",Allan McGregor
2021-2022,1,esReal Madrid,13,9,0,4,29,14,+15,27,"48,111",Karim Benzema-15,Thibaut Courtois
2021-2022,2,engLiverpool,13,10,1,2,30,14,+16,31,"64,118",Mohamed Salah-8,Alisson
2021-2022,SF,engManchester City,12,7,2,3,29,16,+13,23,"49,295",Riyad Mahrez-7,Ederson
2021-2022,SF,esVillarreal,12,5,3,4,20,16,+4,18,"18,610",Arnaut Danjuma-6,Gerónimo Rulli
2021-2022,QF,deBayern Munich,10,7,2,1,31,7,+24,23,"34,000",Robert Lewandowski-13,Manuel Neuer
2021-2022,QF,engChelsea,10,7,1,2,21,10,+11,22,"39,076",Timo Werner-4,Edouard Mendy
2021-2022,QF,ptBenfica,10,3,4,3,14,17,-3,13,"47,128",Darwin Núñez-6,Odisseas Vlachodimos
2021-2022,QF,esAtlético Madrid,10,3,3,4,9,10,-1,12,"58,158",Antoine Griezmann-4,Jan Oblak
2021-2022,R16,nlAjax,8,6,1,1,22,8,+14,19,"40,181",Sébastien Haller-11,Remko Pasveer
2021-2022,R16,itJuventus,8,5,1,2,11,10,+1,16,"21,968",Paulo Dybala-3,Wojciech Szczęsny
2021-2022,R16,frParis S-G,8,4,2,2,15,11,+4,14,"44,911",Kylian Mbappé-6,Gianluigi Donnarumma
2021-2022,R16,itInter,8,4,1,3,9,7,+2,13,"41,133",Edin Džeko-3,Samir Handanović
2021-2022,R16,engManchester Utd,8,3,3,2,12,10,+2,12,"72,893",Cristiano Ronaldo-6,David de Gea
2021-2022,R16,frLille,8,3,2,3,8,8,0,11,"37,824","Jonathan David,Burak Yılmaz-3",Ivo Grbić
2021-2022,R16,atRB Salzburg,8,3,2,3,10,14,-4,11,"20,812","Karim Adeyemi,Noah Okafor-3",Philipp Köhn
2021-2022,R16,ptSporting CP,8,3,1,4,14,17,-3,10,"37,672",Pedro Gonçalves-4,Antonio Adán
2021-2022,GR,deDortmund,6,3,0,3,10,11,-1,9,"31,607","Marco Reus,Donyell Malen... -3",Gregor Kobel
2021-2022,GR,deRB Leipzig,6,2,1,3,15,14,+1,7,"21,098",Christopher Nkunku-7,Péter Gulácsi
2021-2022,GR,mdSheriff Tiraspol,6,2,1,3,7,11,-4,7,"5,689","Adama Traoré,Sébastien Thill-2",Giorgos Athanasiadis
2021-2022,GR,esBarcelona,6,2,1,3,2,9,-7,7,"45,092","Gerard Piqué,Ansu Fati-1",Marc-André ter Stegen
2021-2022,GR,esSevilla,6,1,3,2,5,5,0,6,"25,468",Ivan Rakitić-2,Yassine Bounou
2021-2022,GR,itAtalanta,6,1,3,2,12,13,-1,6,"11,556",Duván Zapata-3,Juan Musso
2021-2022,GR,ruZenit,6,1,2,3,10,10,0,5,"21,135","Claudinho,Sardar Azmoun-2",Stanislav Kritsyuk
2021-2022,GR,chYoung Boys,6,1,2,3,7,12,-5,5,"29,879",Jordan Pefok-2,"Guillaume Faivre,David von Ballmoos"
2021-2022,GR,deWolfsburg,6,1,2,3,5,10,-5,5,"11,463","Lukas Nmecha,Renato Steffen-2",Koen Casteels
2021-2022,GR,ptPorto,6,1,2,3,4,11,-7,5,"31,493",Luis Díaz-2,Diogo Costa
2021-2022,GR,itMilan,6,1,1,4,6,9,-3,4,"43,762","Rafael Leão,Junior Messias... -1","Mike Maignan,Ciprian Tătărușanu"
2021-2022,GR,beClub Brugge,6,1,1,4,6,20,-14,4,"25,511",Hans Vanaken-3,Simon Mignolet
2021-2022,GR,uaShakhtar,6,0,2,4,2,12,-10,2,"22,349",Fernando-2,Anatolii Trubin
2021-2022,GR,uaDynamo Kyiv,6,0,1,5,1,11,-10,1,"27,256",Denys Harmash-1,Heorhiy Bushchan
2021-2022,GR,seMalmö,6,0,1,5,1,14,-13,1,"13,634",Søren Rieks-1,Johan Dahlin
2021-2022,GR,trBeşiktaş,6,0,0,6,3,19,-16,0,"19,031","Francisco Montero,Cyle Larin... -1",Ersin Destanoğlu
2020-2021,W,engChelsea,13,9,3,1,23,4,+19,30,333,Olivier Giroud-6,Edouard Mendy
2020-2021,F,engManchester City,13,11,1,1,25,5,+20,34,"2,016","Riyad Mahrez,Ferrán Torres-4",Ederson
2020-2021,SF,esReal Madrid,12,6,3,3,19,14,+5,21,Karim Benzema-6,Thibaut Courtois
2020-2021,SF,frParis S-G,12,6,1,5,22,15,+7,19,Kylian Mbappé-8,Keylor Navas
2020-2021,QF,deBayern Munich,10,8,1,1,27,10,+17,25,Robert Lewandowski-5,Manuel Neuer
2020-2021,QF,engLiverpool,10,6,2,2,15,6,+9,20,Mohamed Salah-6,Alisson
2020-2021,QF,ptPorto,10,6,1,3,15,9,+6,19,490,Sérgio Oliveira-5,Agustín Marchesín
2020-2021,QF,deDortmund,10,5,2,3,19,13,+6,17,Erling Haaland-10,Marwin Hitz
2020-2021,R16,itJuventus,8,6,0,2,18,8,+10,18,Álvaro Morata-6,Wojciech Szczęsny
2020-2021,R16,esBarcelona,8,5,1,2,18,10,+8,16,Lionel Messi-5,Marc-André ter Stegen
2020-2021,R16,esSevilla,8,4,2,2,13,13,0,14,Youssef En-Nesyri-6,Yassine Bounou
2020-2021,R16,deRB Leipzig,8,4,0,4,11,16,-5,12,250,Angeliño-3,Péter Gulácsi
2020-2021,R16,itAtalanta,8,3,2,3,11,12,-1,11,"Luis Muriel,Duván Zapata-3",Marco Sportiello
2020-2021,R16,itLazio,8,2,4,2,13,13,0,10,250,Ciro Immobile-5,Pepe Reina
2020-2021,R16,esAtlético Madrid,8,2,3,3,7,11,-4,9,João Félix-3,Jan Oblak
2020-2021,R16,deM'Gladbach,8,2,2,4,16,13,+3,8,Alassane Pléa-5,Yann Sommer
2020-2021,GR,engManchester Utd,6,3,0,3,15,10,+5,9,374,Marcus Rashford-6,David de Gea
2020-2021,GR,beClub Brugge,6,2,2,2,8,10,-2,8,Hans Vanaken-3,Simon Mignolet
2020-2021,GR,uaShakhtar,6,2,2,2,5,12,-7,8,"3,393",Manor Solomon-2,Anatolii Trubin
2020-2021,GR,nlAjax,6,2,1,3,7,7,0,7,Dušan Tadić-2,André Onana
2020-2021,GR,itInter,6,1,3,2,7,9,-2,6,333,Romelu Lukaku-4,Samir Handanović
2020-2021,GR,ruKrasnodar,6,1,2,3,6,11,-5,5,"9,948",Marcus Berg-2,Matvei Safonov
2020-2021,GR,atRB Salzburg,6,1,1,4,10,17,-7,4,"1,000",Mergim Berisha-4,Cican Stankovic
2020-2021,GR,uaDynamo Kyiv,6,1,1,4,4,13,-9,4,"4,950",Viktor Tsyhankov-2,Heorhiy Bushchan
2020-2021,GR,ruLoko Moscow,6,0,3,3,5,10,-5,3,"7,701",Anton Miranchuk-3,Guilherme Marinato
2020-2021,GR,grOlympiacos,6,1,0,5,2,10,-8,3,"Koka,Mohamed Camara-1",José Sá
2020-2021,GR,trBaşakşehir,6,1,0,5,7,18,-11,3,233,İrfan Kahveci-3,Mert Günok
2020-2021,GR,frMarseille,6,1,0,5,2,13,-11,3,Dimitri Payet-2,Steve Mandanda
2020-2021,GR,dkMidtjylland,6,0,2,4,4,13,-9,2,88,Alexander Scholz-2,Jesper Hansen
2020-2021,GR,frRennes,6,0,1,5,3,11,-8,1,"1,658",Serhou Guirassy-2,Alfred Gomis
2020-2021,GR,ruZenit,6,0,1,5,4,13,-9,1,"14,990","Artem Dzyuba,Aleksandr Erokhin... -1",Mikhail Kerzhakov
2020-2021,GR,huFerencváros,6,0,1,5,5,17,-12,1,"8,234",Franck Boli-2,Dénes Dibusz
2019-2020,W,deBayern Munich,11,11,0,0,43,8,+35,33,"50,000",Robert Lewandowski-15,Manuel Neuer
2019-2020,F,frParis S-G,11,8,1,2,25,6,+19,25,"28,058","Mauro Icardi,Kylian Mbappé-5",Keylor Navas
2019-2020,SF,deRB Leipzig,10,6,2,2,16,12,+4,20,"32,347","Timo Werner,Marcel Sabitzer... -4",Péter Gulácsi
2019-2020,SF,frLyon,10,4,2,4,14,14,0,14,"41,780",Memphis-6,Anthony Lopes
2019-2020,QF,engManchester City,9,6,2,1,21,9,+12,20,"37,594","Raheem Sterling,Gabriel Jesus-6",Ederson
2019-2020,QF,esBarcelona,9,5,3,1,15,14,+1,18,"60,809",Luis Suárez-5,Marc-André ter Stegen
2019-2020,QF,esAtlético Madrid,9,5,1,3,13,9,+4,16,"62,232","Álvaro Morata,João Félix-3",Jan Oblak
2019-2020,QF,itAtalanta,9,4,1,4,17,18,-1,13,"32,770",Josip Iličić-5,Pierluigi Gollini
2019-2020,R16,itJuventus,8,6,1,1,14,6,+8,19,"28,390",Cristiano Ronaldo-4,Wojciech Szczęsny
2019-2020,R16,itNapoli,8,3,4,1,13,8,+5,13,"34,598",Dries Mertens-6,Alex Meret
2019-2020,R16,engLiverpool,8,4,1,3,15,12,+3,13,"52,312",Mohamed Salah-4,Alisson
2019-2020,R16,deDortmund,8,4,1,3,10,11,-1,13,"65,844",Achraf Hakimi-4,Roman Bürki
2019-2020,R16,esReal Madrid,8,3,2,3,16,12,+4,11,"70,438",Karim Benzema-5,Thibaut Courtois
2019-2020,R16,esValencia,8,3,2,3,13,15,-2,11,"31,599","Rodrigo,Denis Cheryshev... -2",Jasper Cillessen
2019-2020,R16,engChelsea,8,3,2,3,12,16,-4,11,"38,845",Tammy Abraham-3,Kepa Arrizabalaga
2019-2020,R16,engTottenham,8,3,1,4,18,18,0,10,"57,247",Harry Kane-6,"Hugo Lloris,Paulo Gazzaniga"
2019-2020,GR,nlAjax,6,3,1,2,12,6,+6,10,"51,951",Quincy Promes-4,André Onana
2019-2020,GR,atRB Salzburg,6,2,1,3,16,13,+3,7,"29,520",Erling Haaland-8,Cican Stankovic
2019-2020,GR,itInter,6,2,1,3,10,9,+1,7,"62,540",Lautaro Martínez-5,Samir Handanović
2019-2020,GR,ptBenfica,6,2,1,3,10,11,-1,7,"46,576",Pizzi-3,Odisseas Vlachodimos
2019-2020,GR,ruZenit,6,2,1,3,7,9,-2,7,"51,106","Sardar Azmoun,Artem Dzyuba-2",Mikhail Kerzhakov
2019-2020,GR,deLeverkusen,6,2,0,4,5,9,-4,6,"28,098","Sven Bender,Kevin Volland-1",Lukáš Hrádecký
2019-2020,GR,uaShakhtar,6,1,3,2,8,13,-5,6,"28,246","Júnior Moraes,Manor Solomon-2",Andriy Pyatov
2019-2020,GR,hrDinamo Zagreb,6,1,2,3,10,13,-3,5,"28,855",Mislav Oršić-4,Dominik Livaković
2019-2020,GR,grOlympiacos,6,1,1,4,8,14,-6,4,"31,523",Youssef El-Arabi-3,José Sá
2019-2020,GR,ruLoko Moscow,6,1,0,5,4,11,-7,3,"26,557",Aleksei Miranchuk-2,Guilherme Marinato
2019-2020,GR,beClub Brugge,6,0,3,3,4,12,-8,3,"26,957",Emmanuel Dennis-2,Simon Mignolet
2019-2020,GR,rsRed Star,6,1,0,5,3,20,-17,3,"43,263","Richmond Boakye,Nemanja Milunović... -1",Milan Borjan
2019-2020,GR,czSlavia Prague,6,0,2,4,4,10,-6,2,"19,303",Tomáš Souček-2,Ondřej Kolář
2019-2020,GR,trGalatasaray,6,0,2,4,1,14,-13,2,"43,306",Adem Büyük-1,Fernando Muslera
2019-2020,GR,frLille,6,0,1,5,4,14,-10,1,"48,208",Victor Osimhen-2,Mike Maignan
2019-2020,GR,beGenk,6,0,1,5,5,20,-15,1,"18,957",Mbwana Samatta-3,Gaëtan Coucke
2018-2019,W,engLiverpool,13,8,1,4,24,12,+12,25,"52,907",Mohamed Salah-5,Alisson
2018-2019,F,engTottenham,13,6,2,5,20,19,+1,20,"62,947","Harry Kane,Lucas Moura-5",Hugo Lloris
2018-2019,SF,esBarcelona,12,8,3,1,26,10,+16,27,"86,178",Lionel Messi-12,Marc-André ter Stegen
2018-2019,SF,nlAjax,12,6,4,2,22,13,+9,22,"52,056",Dušan Tadić-6,André Onana
2018-2019,QF,engManchester City,10,7,1,2,30,12,+18,22,"49,535",Sergio Agüero-6,Ederson
2018-2019,QF,ptPorto,10,6,1,3,20,15,+5,19,"43,415",Moussa Marega-6,Iker Casillas
2018-2019,QF,itJuventus,10,5,1,4,14,9,+5,16,"40,766",Cristiano Ronaldo-6,Wojciech Szczęsny
2018-2019,QF,engManchester Utd,10,4,1,5,10,11,-1,13,"73,708","Romelu Lukaku,Paul Pogba... -2",David de Gea
2018-2019,R16,esAtlético Madrid,8,5,1,2,11,9,+2,16,"60,068",Antoine Griezmann-4,Jan Oblak
2018-2019,R16,deBayern Munich,8,4,3,1,16,8,+8,15,"69,536",Robert Lewandowski-8,Manuel Neuer
2018-2019,R16,esReal Madrid,8,5,0,3,15,10,+5,15,"66,314",Karim Benzema-4,Thibaut Courtois
2018-2019,R16,frParis S-G,8,4,2,2,20,12,+8,14,"45,144",Neymar-5,Gianluigi Buffon
2018-2019,R16,deDortmund,8,4,1,3,10,6,+4,13,"66,099",Raphaël Guerreiro-4,Roman Bürki
2018-2019,R16,itRoma,8,4,0,4,14,12,+2,12,"49,525",Edin Džeko-5,Robin Olsen
2018-2019,R16,deSchalke 04,8,3,2,3,8,14,-6,11,"50,949",Nabil Bentaleb-3,Ralf Fährmann
2018-2019,R16,frLyon,8,1,6,1,13,16,-3,9,"41,945","Nabil Fekir,Maxwel Cornet-3",Anthony Lopes
2018-2019,GR,itNapoli,6,2,3,1,7,5,+2,9,"45,672","Lorenzo Insigne,Dries Mertens-3",David Ospina
2018-2019,GR,esValencia,6,2,2,2,6,6,0,8,"39,697","Santi Mina,Carlos Soler-2",Neto
2018-2019,GR,itInter,6,2,2,2,6,7,-1,8,"65,857",Mauro Icardi-4,Samir Handanović
2018-2019,GR,ruCSKA Moscow,6,2,1,3,8,9,-1,7,"63,052",Nikola Vlašić-3,Igor Akinfeev
2018-2019,GR,ptBenfica,6,2,1,3,6,11,-5,7,"48,412",Álex Grimaldo-2,Odisseas Vlachodimos
2018-2019,GR,czViktoria Plzeň,6,2,1,3,7,16,-9,7,"11,337",Michal Krmenčík-2,Aleš Hruška
2018-2019,GR,beClub Brugge,6,1,3,2,6,5,+1,6,"24,928","Hans Vanaken,Wesley Moraes-2","Ethan Horvath,Karlo Letica"
2018-2019,GR,uaShakhtar,6,1,3,2,8,16,-8,6,"34,786",Júnior Moraes-3,Andriy Pyatov
2018-2019,GR,trGalatasaray,6,1,1,4,5,8,-3,4,"41,394",Eren Derdiyok-2,Fernando Muslera
2018-2019,GR,chYoung Boys,6,1,1,4,4,12,-8,4,"30,785",Guillaume Hoarau-3,David von Ballmoos
2018-2019,GR,rsRed Star,6,1,1,4,5,17,-12,4,"49,596",Milan Pavkov-2,Milan Borjan
2018-2019,GR,deHoffenheim,6,0,3,3,11,14,-3,3,"23,972",Andrej Kramarić-5,Oliver Baumann
2018-2019,GR,ruLoko Moscow,6,1,0,5,4,12,-8,3,"17,181","Vladislav Ignatyev,Anton Miranchuk... -1",Guilherme Marinato
2018-2019,GR,nlPSV Eindhoven,6,0,2,4,6,13,-7,2,"34,783",Luuk de Jong-3,Jeroen Zoet
2018-2019,GR,frMonaco,6,0,1,5,2,14,-12,1,"9,218","Samuel Grandsir,Moussa Sylla-1",Diego Benaglio
2018-2019,GR,grAEK Athens,6,0,0,6,2,13,-11,0,"39,377",Viktor Klonaridis-2,Vasilios Barkas
2017-2018,W,esReal Madrid,13,9,2,2,33,16,+17,29,"75,398",Cristiano Ronaldo-15,Keylor Navas,→ Champions League via playoff win
2017-2018,F,engLiverpool,13,7,4,2,41,16,+25,25,"49,960","Roberto Firmino,Sadio Mané... -10",Loris Karius
2017-2018,SF,deBayern Munich,12,8,2,2,26,12,+14,26,"70,000",Robert Lewandowski-5,Sven Ulreich
2017-2018,SF,itRoma,12,6,2,4,21,19,+2,20,"48,587",Edin Džeko-8,Alisson
2017-2018,QF,esBarcelona,10,6,3,1,17,6,+11,21,"73,861",Lionel Messi-6,Marc-André ter Stegen
2017-2018,QF,engManchester City,10,6,0,4,20,12,+8,18,"48,050","Gabriel Jesus,Raheem Sterling... -4",Ederson
2017-2018,QF,itJuventus,10,5,3,2,14,12,+2,18,"38,541",Gonzalo Higuaín-5,Gianluigi Buffon
2017-2018,QF,esSevilla,10,3,5,2,15,15,0,14,"38,512",Wissam Ben Yedder-8,Sergio Rico
2017-2018,R16,engTottenham,8,5,2,1,18,8,+10,17,"69,454",Harry Kane-7,Hugo Lloris
2017-2018,R16,engManchester Utd,8,5,1,2,13,5,+8,16,"74,467",Romelu Lukaku-5,David de Gea
2017-2018,R16,frParis S-G,8,5,0,3,27,9,+18,15,"46,382",Edinson Cavani-7,Alphonse Areola
2017-2018,R16,chBasel,8,5,0,3,13,10,+3,15,"34,854",Dimitri Oberlin-4,Tomáš Vaclík
2017-2018,R16,uaShakhtar,8,5,0,3,11,11,0,15,"33,652","Facundo Ferreyra,Bernard-3",Andriy Pyatov
2017-2018,R16,trBeşiktaş,8,4,2,2,12,13,-1,14,"37,448","Talisca,Cenk Tosun-4",Fabricio
2017-2018,R16,engChelsea,8,3,3,2,17,12,+5,12,"40,218","Eden Hazard,Willian-3",Thibaut Courtois
2017-2018,R16,ptPorto,8,3,2,3,15,15,0,11,"43,568",Vincent Aboubakar-5,José Sá
2017-2018,GR,ruCSKA Moscow,6,3,0,3,8,10,-2,9,"28,259",Vitinho-2,Igor Akinfeev
2017-2018,GR,esAtlético Madrid,6,1,4,1,5,4,+1,7,"57,596",Antoine Griezmann-2,Jan Oblak
2017-2018,GR,deRB Leipzig,6,2,1,3,10,11,-1,7,"41,374",Timo Werner-3,Péter Gulácsi
2017-2018,GR,ptSporting CP,6,2,1,3,8,9,-1,7,"46,515","Bas Dost,Bruno César-2",Rui Patrício
2017-2018,GR,itNapoli,6,2,0,4,11,11,0,6,"25,878",Lorenzo Insigne-3,Pepe Reina
2017-2018,GR,ruSpartak Moscow,6,1,3,2,9,13,-4,6,"43,534","Quincy Promes,Zé Luís-2",Aleksandr Selikhov
2017-2018,GR,nlFeyenoord,6,1,0,5,5,14,-9,3,"41,167",Nicolai Jørgensen-2,Brad Jones
2017-2018,GR,sctCeltic,6,1,0,5,5,18,-13,3,"57,921","Scott Sinclair,Callum McGregor... -1",Craig Gordon
2017-2018,GR,siNK Maribor,6,0,3,3,3,16,-13,3,"12,349","Damjan Bohar,Marcos Tavares... -1",Jasmin Handanović
2017-2018,GR,beAnderlecht,6,1,0,5,2,17,-15,3,"19,586",Sofiane Hanni-1,"Frank Boeckx,Matz Sels"
2017-2018,GR,deDortmund,6,0,2,4,7,13,-6,2,"65,402",Pierre-Emerick Aubameyang-4,Roman Bürki
2017-2018,GR,frMonaco,6,0,2,4,6,16,-10,2,"9,378",Radamel Falcao-3,"Danijel Subašić,Diego Benaglio"
2017-2018,GR,azQarabağ FK,6,0,2,4,2,14,-12,2,"60,741","Míchel,Pedro Henrique-1",Ibrahim Šehić
2017-2018,GR,cyAPOEL FC,6,0,2,4,2,17,-15,2,"17,211",Mickaël Poté-2,Nauzet Pérez
2017-2018,GR,grOlympiacos,6,0,1,5,4,13,-9,1,"30,445",Felipe Pardo-2,Silvio Proto
2017-2018,GR,ptBenfica,6,0,0,6,1,14,-13,0,"39,492",Haris Seferović-1,Mile Svilar
2016-2017,W,esReal Madrid,13,9,3,1,35,18,+17,30,"75,547",Cristiano Ronaldo-12,Keylor Navas,→ Champions League via playoff win
2016-2017,F,itJuventus,13,9,3,1,22,6,+16,30,"33,642",Gonzalo Higuaín-5,Gianluigi Buffon
2016-2017,SF,esAtlético Madrid,12,9,1,2,18,10,+8,28,"46,751",Antoine Griezmann-6,Jan Oblak
2016-2017,SF,frMonaco,12,5,3,4,19,19,0,18,"13,471",Kylian Mbappé-6,Danijel Subašić
2016-2017,QF,esBarcelona,10,6,1,3,26,12,+14,19,"85,863",Lionel Messi-11,Marc-André ter Stegen
2016-2017,QF,deBayern Munich,10,6,0,4,27,14,+13,18,"70,000",Robert Lewandowski-8,Manuel Neuer
2016-2017,QF,deDortmund,10,5,2,3,28,16,+12,17,"63,698",Pierre-Emerick Aubameyang-7,Roman Bürki
2016-2017,QF,engLeicester City,10,5,2,3,11,10,+1,17,"31,471",Riyad Mahrez-4,Kasper Schmeichel
2016-2017,R16,frParis S-G,8,4,3,1,18,13,+5,15,"45,516",Edinson Cavani-8,Alphonse Areola
2016-2017,R16,engArsenal,8,4,2,2,20,16,+4,14,"59,869","Mesut Özil,Theo Walcott-4",David Ospina
2016-2017,R16,esSevilla,8,4,2,2,9,6,+3,14,"37,433",Wissam Ben Yedder-2,Sergio Rico
2016-2017,R16,engManchester City,8,3,4,1,17,13,+4,13,"47,065",Sergio Agüero-5,Willy Caballero
2016-2017,R16,ptPorto,8,3,2,3,9,6,+3,11,"38,794",André Silva-4,Iker Casillas
2016-2017,R16,itNapoli,8,3,2,3,13,14,-1,11,"40,054",Dries Mertens-5,Pepe Reina
2016-2017,R16,ptBenfica,8,3,2,3,11,14,-3,11,"51,131",Eduardo Salvio-3,Ederson
2016-2017,R16,deLeverkusen,8,2,4,2,11,11,0,10,"25,894","Kevin Kampl,Kevin Volland... -1",Bernd Leno
2016-2017,GR,dkFC Copenhagen,6,2,3,1,7,2,+5,9,"30,596",Mathias Jørgensen-2,Robin Olsen
2016-2017,GR,frLyon,6,2,2,2,5,3,+2,8,"50,028",Corentin Tolisso-2,Anthony Lopes
2016-2017,GR,engTottenham,6,2,1,3,6,6,0,7,"77,519",Harry Kane-2,Hugo Lloris
2016-2017,GR,trBeşiktaş,6,1,4,1,9,14,-5,7,"35,184","Vincent Aboubakar,Ricardo Quaresma-3",Tolga Zengin
2016-2017,GR,uaDynamo Kyiv,6,1,2,3,8,6,+2,5,"25,055","Derlis González,Vitaliy Buyalskyi... -1",Artur Rudko
2016-2017,GR,ruRostov,6,1,2,3,6,12,-6,5,"14,419",Dmitry Poloz-3,Soslan Dzhanayev
2016-2017,GR,deM'Gladbach,6,1,2,3,5,12,-7,5,"46,162",Lars Stindl-2,Yann Sommer
2016-2017,GR,plLegia Warsaw,6,1,1,4,9,24,-15,4,"18,512","Aleksandar Prijović,Miroslav Radović-2",Arkadiusz Malarz
2016-2017,GR,ptSporting CP,6,1,0,5,5,8,-3,3,"45,583",Bruno César-2,Rui Patrício
2016-2017,GR,ruCSKA Moscow,6,0,3,3,5,11,-6,3,"23,147",Alan Dzagoev-2,Igor Akinfeev
2016-2017,GR,bgLudogorets,6,0,3,3,6,15,-9,3,"22,946",Jonathan Cafu-2,Vladislav Stoyanov
2016-2017,GR,sctCeltic,6,0,3,3,5,16,-11,3,"57,781",Moussa Dembélé-3,Craig Gordon
2016-2017,GR,nlPSV Eindhoven,6,0,2,4,4,11,-7,2,"34,130","Davy Pröpper,Luuk de Jong... -1",Jeroen Zoet
2016-2017,GR,chBasel,6,0,2,4,3,12,-9,2,"33,830","Seydou Doumbia,Renato Steffen... -1",Tomáš Vaclík
2016-2017,GR,beClub Brugge,6,0,0,6,2,14,-12,0,"21,092","Jelle Vossen,José Izquierdo-1",Ludovic Butelle
2016-2017,GR,hrDinamo Zagreb,6,0,0,6,0,15,-15,0,"12,577",Dominik Livaković
2015-2016,W,esReal Madrid,13,9,3,1,28,6,+22,30,"72,831",Cristiano Ronaldo-16,Keylor Navas,→ Champions League via playoff win
2015-2016,F,esAtlético Madrid,13,6,4,3,17,8,+9,22,"44,276",Antoine Griezmann-7,Jan Oblak
2015-2016,SF,deBayern Munich,12,8,2,2,30,11,+19,26,"70,000",Robert Lewandowski-9,Manuel Neuer
2015-2016,SF,engManchester City,12,6,3,3,18,12,+6,21,"47,779","Kevin De Bruyne,Raheem Sterling-3",Joe Hart
2015-2016,QF,esBarcelona,10,7,2,1,22,8,+14,23,"74,651",Luis Suárez-8,Marc-André ter Stegen
2015-2016,QF,deWolfsburg,10,7,0,3,15,11,+4,21,"23,951",Julian Draxler-3,Diego Benaglio
2015-2016,QF,frParis S-G,10,6,2,2,18,6,+12,20,"46,322",Zlatan Ibrahimović-5,Kevin Trapp
2015-2016,QF,ptBenfica,10,5,2,3,15,12,+3,17,"45,581",Nicolás Gaitán-4,Júlio César
2015-2016,R16,ruZenit,8,5,0,3,14,9,+5,15,"17,575",Artem Dzyuba-6,Yuri Lodygin
2015-2016,R16,engChelsea,8,4,1,3,15,7,+8,13,"40,153",Willian-5,Asmir Begović
2015-2016,R16,uaDynamo Kyiv,8,3,3,2,9,7,+2,12,"41,706","Andriy Yarmolenko,Vitaliy Buyalskyi-2",Oleksandr Shovkovskiy
2015-2016,R16,itJuventus,8,3,3,2,10,9,+1,12,"39,241","Álvaro Morata,Mario Mandžukić-2",Gianluigi Buffon
2015-2016,R16,nlPSV Eindhoven,8,3,3,2,8,7,+1,12,"34,810","Luuk de Jong,Maxime Lestienne-2",Jeroen Zoet
2015-2016,R16,beGent,8,3,1,4,10,11,-1,10,"19,752",Danijel Milićević-3,Matz Sels
2015-2016,R16,engArsenal,8,3,0,5,13,15,-2,9,"57,029",Olivier Giroud-5,Petr Čech
2015-2016,R16,itRoma,8,1,3,4,11,20,-9,6,"45,324","Miralem Pjanić,Edin Džeko... -2",Wojciech Szczęsny
2015-2016,GR,byBATE Borisov,12,4,4,4,11,16,-5,16,"12,814",Filip Mladenović-2,Sergei Chernik
2015-2016,GR,kzFC Astana,12,3,6,3,14,17,-3,15,"23,861",Patrick Twumasi-2,Nenad Erić
2015-2016,GR,hrDinamo Zagreb,12,4,3,5,17,21,-4,15,"17,066","Junior Fernándes,Josip Pivarić... -1",Eduardo Carvalho
2015-2016,GR,engManchester Utd,8,4,2,2,14,8,+6,14,"75,099",Anthony Martial-2,David de Gea
2015-2016,GR,seMalmö,12,4,1,7,9,26,-17,13,"20,500",Markus Rosenberg-1,Johan Wiland
2015-2016,GR,ruCSKA Moscow,10,3,2,5,14,16,-2,11,"17,019",Seydou Doumbia-3,Igor Akinfeev
2015-2016,GR,uaShakhtar,10,3,2,5,13,16,-3,11,"30,144",Alex Teixeira-3,Andriy Pyatov
2015-2016,GR,ptPorto,6,3,1,2,9,8,+1,10,"37,516",Vincent Aboubakar-3,Iker Casillas
2015-2016,GR,deLeverkusen,8,2,3,3,16,13,+3,9,"27,701",Javier Hernández-5,Bernd Leno
2015-2016,GR,esValencia,8,3,0,5,9,12,-3,9,"32,902","João Cancelo,Sofiane Feghouli... -1",Jaume Doménech
2015-2016,GR,grOlympiacos,6,3,0,3,6,13,-7,9,"31,516",Felipe Pardo-3,Roberto
2015-2016,GR,ilMaccabi Tel Aviv,12,2,2,8,13,24,-11,8,"27,622",Eran Zahavi-1,Predrag Rajković
2015-2016,GR,esSevilla,6,2,0,4,8,11,-3,6,"37,267","Yevhen Konoplyanka,Éver Banega-2",Sergio Rico
2015-2016,GR,deM'Gladbach,6,1,2,3,8,12,-4,5,"45,870",Lars Stindl-3,Yann Sommer
2015-2016,GR,trGalatasaray,6,1,2,3,6,10,-4,5,"31,182","Lukas Podolski,Selçuk İnan-2",Fernando Muslera
2015-2016,GR,frLyon,6,1,1,4,5,9,-4,4,"31,304",Alexandre Lacazette-2,Anthony Lopes
2014-2015,W,esBarcelona,13,11,0,2,31,11,+20,33,"89,813","Lionel Messi,Neymar-10",Marc-André ter Stegen,→ Champions League via playoff win
2014-2015,F,itJuventus,13,7,3,3,17,10,+7,24,"35,985",Carlos Tevez-7,Gianluigi Buffon
2014-2015,SF,esReal Madrid,12,8,2,2,24,9,+15,26,"71,579",Cristiano Ronaldo-10,Iker Casillas
2014-2015,SF,deBayern Munich,12,8,1,3,33,13,+20,25,"69,000",Thomas Müller-7,Manuel Neuer
2014-2015,QF,ptPorto,12,8,3,1,28,12,+16,27,"35,865",Jackson Martínez-7,Fabiano
2014-2015,QF,esAtlético Madrid,10,5,2,3,15,5,+10,17,"43,954",Mario Mandžukić-5,Miguel Ángel Moyá
2014-2015,QF,frMonaco,10,4,3,3,7,5,+2,15,"13,275","Aymen Abdennour,Dimitar Berbatov... -1",Danijel Subašić
2014-2015,QF,frParis S-G,10,4,3,3,14,15,-1,15,"46,077",Edinson Cavani-6,Salvatore Sirigu
2014-2015,R16,engArsenal,10,6,2,2,19,11,+8,20,"59,861","Danny Welbeck,Alexis Sánchez... -3",Wojciech Szczęsny
2014-2015,R16,deLeverkusen,10,6,1,3,15,7,+8,19,"26,941",Son Heung-min-3,Bernd Leno
2014-2015,R16,engChelsea,8,4,4,0,20,6,+14,16,"39,851",Eden Hazard-3,Thibaut Courtois
2014-2015,R16,deDortmund,8,4,1,3,15,9,+6,13,"65,851",Ciro Immobile-4,Roman Weidenfeller
2014-2015,R16,deSchalke 04,8,3,2,3,13,19,-6,11,"51,706",Klaas-Jan Huntelaar-5,Ralf Fährmann
2014-2015,R16,uaShakhtar,8,2,4,2,15,11,+4,10,"32,516",Luiz Adriano-9,Andriy Pyatov
2014-2015,R16,engManchester City,8,2,2,4,10,11,-1,8,"43,060",Sergio Agüero-6,Joe Hart
2014-2015,R16,chBasel,8,2,2,4,8,13,-5,8,"35,434",Derlis González-3,Tomáš Vaclík
2014-2015,GR,ruZenit,10,5,1,4,11,7,+4,16,"14,983","Danny,Hulk... -1",Yuri Lodygin
2014-2015,GR,siNK Maribor,12,3,6,3,11,16,-5,15,"12,554","Damjan Bohar,Agim Ibraimi... -1",Jasmin Handanović
2014-2015,GR,bgLudogorets,12,3,4,5,13,18,-5,13,"35,925",Dani Abalo-2,Vladislav Stoyanov
2014-2015,GR,seMalmö,12,4,1,7,13,21,-8,13,"20,500",Markus Rosenberg-3,Robin Olsen
2014-2015,GR,byBATE Borisov,12,3,3,6,10,28,-18,12,"11,382","Alyaksandr Karnitsky,Dzyanis Palyakow-1",Sergei Chernik
2014-2015,GR,esAthletic Club,8,3,2,3,9,8,+1,11,"46,031",Mikel San José-2,Gorka Iraizoz
2014-2015,GR,grOlympiacos,6,3,0,3,10,13,-3,9,"30,306","Ibrahim Afellay,Kostas Mitroglou-2",Roberto
2014-2015,GR,cyAPOEL FC,10,2,3,5,10,15,-5,9,"18,825",Gustavo Manduca-1,Urko Pardo
2014-2015,GR,ptSporting CP,6,2,1,3,12,12,0,7,"36,315",Nani-4,Rui Patrício
2014-2015,GR,beAnderlecht,6,1,3,2,8,10,-2,6,"19,462","Aleksandar Mitrović,Chancel Mbemba... -2",Silvio Proto
2014-2015,GR,nlAjax,6,1,2,3,8,10,-2,5,"51,447",Lasse Schöne-3,Jasper Cillessen
2014-2015,GR,engLiverpool,6,1,2,3,5,9,-4,5,"43,372",Steven Gerrard-2,Simon Mignolet
2014-2015,GR,ptBenfica,6,1,2,3,2,6,-4,5,"28,474","Eduardo Salvio,Talisca-1",Júlio César
2014-2015,GR,itRoma,6,1,2,3,8,14,-6,5,"55,183",Gervinho-3,Morgan De Sanctis
2014-2015,GR,ruCSKA Moscow,6,1,2,3,6,13,-7,5,"28,500",Seydou Doumbia-3,Igor Akinfeev
2014-2015,GR,trGalatasaray,6,0,1,5,4,19,-15,1,"28,489",Burak Yılmaz-2,Fernando Muslera
2013-2014,W,esReal Madrid,13,10,2,1,41,10,+31,32,"78,426",Cristiano Ronaldo-17,Iker Casillas,→ Champions League via playoff win
2013-2014,F,esAtlético Madrid,13,7,5,1,26,10,+16,26,"43,994",Diego Costa-8,Thibaut Courtois
2013-2014,SF,deBayern Munich,12,6,4,2,24,13,+11,22,"67,883",Thomas Müller-5,Manuel Neuer
2013-2014,SF,engChelsea,12,4,5,3,19,10,+9,17,"39,531",Fernando Torres-4,Petr Čech
2013-2014,QF,frParis S-G,10,6,2,2,25,9,+16,20,"44,680",Zlatan Ibrahimović-10,Salvatore Sirigu
2013-2014,QF,esBarcelona,10,5,3,2,21,8,+13,18,"76,033",Lionel Messi-8,Víctor Valdés
2013-2014,QF,engManchester Utd,10,5,3,2,17,9,+8,18,"74,594",Robin van Persie-4,David de Gea
2013-2014,QF,deDortmund,10,5,2,3,18,13,+5,17,"65,829",Robert Lewandowski-6,Roman Weidenfeller
2013-2014,R16,ruZenit,12,4,5,3,23,17,+6,17,"17,542",Hulk-4,Yuri Lodygin
2013-2014,R16,engArsenal,10,5,2,3,14,8,+6,17,"59,864","Olivier Giroud,Jack Wilshere... -2",Wojciech Szczęsny
2013-2014,R16,engManchester City,8,5,0,3,19,14,+5,15,"43,372",Sergio Agüero-6,Joe Hart
2013-2014,R16,deSchalke 04,10,4,2,4,12,18,-6,14,"53,973",Julian Draxler-3,"Ralf Fährmann,Timo Hildebrand"
2013-2014,R16,grOlympiacos,8,4,1,3,12,11,+1,13,"30,632","Kostas Mitroglou,Chori Domínguez-3",Roberto
2013-2014,R16,itMilan,10,2,5,3,13,11,+2,11,"64,186","Kaká,Mario Balotelli-2",Christian Abbiati
2013-2014,R16,deLeverkusen,8,3,1,4,10,16,-6,10,"27,867",Simon Rolfes-3,Bernd Leno
2013-2014,R16,trGalatasaray,8,2,2,4,9,17,-8,8,"44,710",Umut Bulut-3,Fernando Muslera
2013-2014,GR,czViktoria Plzeň,12,6,1,5,26,24,+2,19,"10,880","Daniel Kolář,Marek Bakoš... -1",Matúš Kozáčik
2013-2014,GR,chBasel,10,4,4,2,15,11,+4,16,"33,054",Mohamed Salah-2,Yann Sommer
2013-2014,GR,roSteaua,12,3,6,3,13,15,-2,15,"37,081","Federico Piovaccari,Leandro Tatu-1",Ciprian Tătărușanu
2013-2014,GR,atAustria Wien,10,3,4,3,10,13,-3,13,"40,225","Roman Kienast,Philipp Hosiner-2",Heinz Lindner
2013-2014,GR,itNapoli,6,4,0,2,10,9,+1,12,"42,980",Gonzalo Higuaín-4,Pepe Reina
2013-2014,GR,sctCeltic,12,3,3,6,12,16,-4,12,"58,488","Beram Kayal,James Forrest... -1",Fraser Forster
2013-2014,GR,ptBenfica,6,3,1,2,8,8,0,10,"30,847","Filip Đuričić,Nicolás Gaitán... -1",Artur Moraes
2013-2014,GR,uaShakhtar,6,2,2,2,7,6,+1,8,"48,672",Alex Teixeira-3,Andriy Pyatov
2013-2014,GR,nlAjax,6,2,2,2,5,8,-3,8,"54,866",Lasse Schöne-2,Jasper Cillessen
2013-2014,GR,itJuventus,6,1,3,2,9,9,0,6,"36,469",Arturo Vidal-5,Gianluigi Buffon
2013-2014,GR,ptPorto,6,1,2,3,4,7,-3,5,"29,969","Lucho González,Jackson Martínez-2",Helton Arruda
2013-2014,GR,esReal Sociedad,8,1,2,5,5,10,-5,5,"28,300",Carlos Vela-1,Claudio Bravo
2013-2014,GR,dkFC Copenhagen,6,1,1,4,4,13,-9,4,"36,656","Nicolai Jørgensen,Daniel Braaten... -1",Johan Wiland
2013-2014,GR,ruCSKA Moscow,6,1,0,5,8,17,-9,3,"11,333","Keisuke Honda,Seydou Doumbia... -2",Igor Akinfeev
2013-2014,GR,beAnderlecht,6,0,1,5,4,17,-13,1,"17,054","Massimo Bruno,Sacha Kljestan... -1","Thomas Kaminski,Silvio Proto"
2013-2014,GR,frMarseille,6,0,0,6,5,14,-9,0,"38,275",André Ayew-2,Steve Mandanda
2012-2013,W,deBayern Munich,13,10,2,1,31,11,+20,32,"73,667",Thomas Müller-8,Manuel Neuer,→ Champions League via playoff win
2012-2013,F,deDortmund,13,5,6,2,24,14,+10,21,"71,239",Robert Lewandowski-10,Roman Weidenfeller
2012-2013,SF,esReal Madrid,12,5,4,3,26,18,+8,19,"71,313",Cristiano Ronaldo-12,Diego López
2012-2013,SF,esBarcelona,12,4,5,3,18,17,+1,17,"81,477",Lionel Messi-8,Víctor Valdés
2012-2013,QF,frParis S-G,10,6,3,1,20,8,+12,21,"43,868",Ezequiel Lavezzi-5,Salvatore Sirigu
2012-2013,QF,esMálaga,12,4,6,2,18,9,+9,18,"25,824",Eliseu-4,Willy Caballero
2012-2013,QF,itJuventus,10,4,5,1,17,8,+9,17,"36,047",Fabio Quagliarella-4,Gianluigi Buffon
2012-2013,QF,trGalatasaray,10,4,3,3,14,14,0,15,"47,397",Burak Yılmaz-8,Fernando Muslera
2012-2013,R16,sctCeltic,12,6,2,4,17,14,+3,20,"58,211",Georgios Samaras-3,Fraser Forster
2012-2013,R16,ptPorto,8,5,1,2,11,6,+5,16,"33,909",Jackson Martínez-3,Helton Arruda
2012-2013,R16,esValencia,8,4,2,2,14,8,+6,14,"30,679",Jonas-5,Vicente Guaita
2012-2013,R16,deSchalke 04,8,3,5,0,13,10,+3,14,"52,635",Klaas-Jan Huntelaar-4,Lars Unnerstall
2012-2013,R16,engManchester Utd,8,4,2,2,11,9,+2,14,"73,582","Javier Hernández,Robin van Persie-3",David de Gea
2012-2013,R16,engArsenal,8,4,1,3,13,11,+2,13,"59,954",Lukas Podolski-4,Vito Mannone
2012-2013,R16,uaShakhtar,8,3,2,3,14,13,+1,11,"49,101",Willian-4,Andriy Pyatov
2012-2013,R16,itMilan,8,3,2,3,9,10,-1,11,"40,981","Stephan El Shaarawy,Alexandre Pato-2",Christian Abbiati
2012-2013,GR,roCFR Cluj,10,6,2,2,15,9,+6,20,"15,708",Rui Pedro-3,Mário Felgueiras
2012-2013,GR,byBATE Borisov,12,5,3,4,18,19,-1,18,"25,542","Vitali Rodionov,Renan Bardini Bressan-2",Andrey Harbunow
2012-2013,GR,uaDynamo Kyiv,10,4,3,3,13,14,-1,15,"39,634",Oleh Husyev-2,Maksym Koval
2012-2013,GR,hrDinamo Zagreb,12,3,4,5,13,18,-5,13,"5,890",Ivan Krstanović-1,Ivan Kelava
2012-2013,GR,beAnderlecht,10,3,3,4,18,11,+7,12,"17,317",Dieumerci Mbokani-2,Silvio Proto
2012-2013,GR,engChelsea,6,3,1,2,16,10,+6,10,"40,689",Oscar-5,Petr Čech
2012-2013,GR,grOlympiacos,6,3,0,3,9,9,0,9,"29,089",Kostas Mitroglou-4,Roy Carroll
2012-2013,GR,ptBenfica,6,2,2,2,5,5,0,8,"49,120",Óscar Cardozo-2,Artur Moraes
2012-2013,GR,ruZenit,6,2,1,3,6,9,-3,7,"19,361",Danny-2,Vyacheslav Malafeev
2012-2013,GR,ruSpartak Moscow,8,2,1,5,10,16,-6,7,"50,637",Emmanuel Emenike-2,"Andriy Dykan,Sergei Pesyakov..."
2012-2013,GR,ptBraga,8,1,2,5,9,15,-6,5,"11,758",Alan-5,Beto
2012-2013,GR,nlAjax,6,1,1,4,8,16,-8,4,"47,578",Siem de Jong-3,Kenneth Vermeer
2012-2013,GR,frLille,8,1,1,6,6,14,-8,4,"41,139","Salomon Kalou,Gianni Bruno... -1",Mickaël Landreau
2012-2013,GR,engManchester City,6,0,3,3,7,11,-4,3,"43,206",Sergio Agüero-2,Joe Hart
2012-2013,GR,frMontpellier,6,0,2,4,6,12,-6,2,"24,499",Younès Belhanda-2,Geoffrey Jourdren
2012-2013,GR,dkNordsjælland,6,0,1,5,4,22,-18,1,"21,526","Joshua John,Mikkel Beckmann... -1",Jesper Hansen
2011-2012,W,engChelsea,13,5,6,2,25,12,+13,21,"40,902",Didier Drogba-6,Petr Čech,→ Champions League via playoff win
2011-2012,F,deBayern Munich,15,8,4,3,29,11,+18,28,"71,500",Mario Gómez-12,Manuel Neuer
2011-2012,SF,esReal Madrid,12,7,4,1,35,9,+26,25,"67,644",Cristiano Ronaldo-10,Iker Casillas
2011-2012,SF,esBarcelona,12,6,5,1,35,10,+25,23,"77,953",Lionel Messi-14,Víctor Valdés
2011-2012,QF,ptBenfica,14,4,7,3,21,14,+7,19,"49,431",Óscar Cardozo-4,Artur Moraes
2011-2012,QF,cyAPOEL FC,16,4,7,5,20,17,+3,19,"22,262",Gustavo Manduca-4,Dionisis Chiotis
2011-2012,QF,itMilan,10,3,4,3,16,14,+2,13,"70,491",Zlatan Ibrahimović-5,Christian Abbiati
2011-2012,QF,frMarseille,10,4,1,5,9,10,-1,13,"30,824",André Ayew-4,Steve Mandanda
2011-2012,R16,engArsenal,10,5,3,2,13,11,+2,18,"59,785",Robin van Persie-4,Wojciech Szczęsny
2011-2012,R16,frLyon,10,4,3,3,14,10,+4,15,"35,403",Bafétimbi Gomis-5,Hugo Lloris
2011-2012,R16,itNapoli,8,4,2,2,14,11,+3,14,"54,223",Edinson Cavani-5,Morgan De Sanctis
2011-2012,R16,chBasel,8,4,2,2,12,17,-5,14,"34,489",Alexander Frei-5,Yann Sommer
2011-2012,R16,ruZenit,8,3,3,2,10,9,+1,12,"20,628",Roman Shirokov-5,Vyacheslav Malafeev
2011-2012,R16,itInter,8,3,2,3,10,9,+1,11,"33,668",Giampaolo Pazzini-3,Júlio César
2011-2012,R16,deLeverkusen,8,3,1,4,10,18,-8,10,"27,555",Eren Derdiyok-2,Bernd Leno
2011-2012,R16,ruCSKA Moscow,8,2,3,3,11,13,-2,9,"35,525",Seydou Doumbia-5,Vladimir Gabulov
2011-2012,GR,czViktoria Plzeň,12,4,5,3,22,16,+6,17,"19,847",Marek Bakoš-2,Marek Čech
2011-2012,GR,hrDinamo Zagreb,12,3,2,7,13,26,-13,11,"23,075","Fatos Bećiraj,Mateo Kovačić... -1",Ivan Kelava
2011-2012,GR,engManchester City,6,3,1,2,9,6,+3,10,"44,451",Yaya Touré-3,Joe Hart
2011-2012,GR,byBATE Borisov,12,1,7,4,11,17,-6,10,"28,392",Renan Bardini Bressan-2,Alyaksandr Hutar
2011-2012,GR,engManchester Utd,6,2,3,1,11,8,+3,9,"74,278","Wayne Rooney,Danny Welbeck-2",David de Gea
2011-2012,GR,grOlympiacos,6,3,0,3,8,6,+2,9,"30,165","David Fuster,François Modesto... -2","Franco Costanzo,Balázs Megyeri"
2011-2012,GR,esValencia,6,2,2,2,12,7,+5,8,"35,308",Roberto Soldado-5,Diego Alves
2011-2012,GR,ptPorto,6,2,2,2,7,7,0,8,"38,545",Hulk-4,Helton Arruda
2011-2012,GR,nlAjax,6,2,2,2,6,6,0,8,"50,256","Christian Eriksen,Derk Boerrigter... -1",Kenneth Vermeer
2011-2012,GR,trTrabzonspor,8,1,5,2,4,8,-4,8,"18,653","Halil Altıntop,Ondřej Čelůstka... -1",Tolga Zengin
2011-2012,GR,beGenk,10,1,5,4,8,21,-13,8,"21,340",Jelle Vossen-2,László Köteles
2011-2012,GR,frLille,6,1,3,2,6,6,0,6,"16,215",Moussa Sow-3,Mickaël Landreau
2011-2012,GR,uaShakhtar,6,1,2,3,6,8,-2,5,"46,719",Luiz Adriano-3,Oleksandr Rybka
2011-2012,GR,deDortmund,6,1,1,4,6,12,-6,4,"65,590","Jakub Błaszczykowski,Shinji Kagawa... -1",Roman Weidenfeller
2011-2012,GR,esVillarreal,8,0,1,7,5,15,-10,1,"17,959","Cani,Jonathan de Guzmán-1",Diego López
2011-2012,GR,roOțelul Galați,6,0,0,6,3,11,-8,0,"13,533","Liviu Antal,Gabriel Giurgiu... -1",Branko Grahovac
2010-2011,W,esBarcelona,13,8,4,1,30,9,+21,28,"85,535",Lionel Messi-12,Víctor Valdés,→ Champions League via playoff win
2010-2011,F,engManchester Utd,13,6,6,1,19,7,+12,24,"80,325","Javier Hernández,Wayne Rooney-4",Edwin van der Sar
2010-2011,SF,esReal Madrid,12,7,4,1,25,6,+19,25,"71,583","Karim Benzema,Cristiano Ronaldo-6",Iker Casillas
2010-2011,SF,deSchalke 04,12,5,4,3,22,14,+8,19,"52,378",Raúl-5,Manuel Neuer
2010-2011,QF,uaShakhtar,10,6,2,2,19,14,+5,20,"49,083","Eduardo da Silva,Luiz Adriano-4",Andriy Pyatov
2010-2011,QF,engChelsea,10,6,1,3,17,7,+10,19,"39,157",Nicolas Anelka-7,Petr Čech
2010-2011,QF,engTottenham,12,4,5,3,25,19,+6,17,"34,986","Gareth Bale,Peter Crouch-4",Heurelho Gomes
2010-2011,QF,itInter,10,4,1,5,18,21,-3,13,"60,720",Samuel Eto'o-8,Júlio César
2010-2011,R16,deBayern Munich,8,6,1,1,19,9,+10,19,"65,750",Mario Gómez-8,"Hans-Jörg Butt,Thomas Kraft"
2010-2011,R16,engArsenal,8,5,0,3,21,11,+10,15,"59,633","Cesc Fàbregas,Andrey Arshavin... -3",Łukasz Fabiański
2010-2011,R16,dkFC Copenhagen,12,3,5,4,12,11,+1,14,"35,102","Dame N'Doye,Martin Vingaard-2",Johan Wiland
2010-2011,R16,frMarseille,8,4,1,3,13,5,+8,13,"52,922",André-Pierre Gignac-3,Steve Mandanda
2010-2011,R16,esValencia,8,3,3,2,17,8,+9,12,"32,412",Roberto Soldado-6,César Sánchez
2010-2011,R16,frLyon,8,3,2,3,12,14,-2,11,"36,881",Michel Bastos-3,Hugo Lloris
2010-2011,R16,itRoma,8,3,1,4,12,17,-5,10,"34,666",Marco Borriello-4,Júlio Sérgio
2010-2011,R16,itMilan,8,2,3,3,7,8,-1,9,"60,110",Zlatan Ibrahimović-4,Christian Abbiati
2010-2011,GR,ptBraga,10,6,0,4,14,16,-2,18,"13,754",Matheus Leite Nascimento-3,Felipe
2010-2011,GR,ilHapoel Tel Aviv,12,4,4,4,20,15,+5,16,"12,711",Eran Zahavi-3,Vincent Enyeama
2010-2011,GR,chBasel,10,5,1,4,17,12,+5,16,"36,746",Alexander Frei-3,Franco Costanzo
2010-2011,GR,rsPartizan,12,4,2,6,15,19,-4,14,"24,595",Cléo-2,Vladimir Stojković
2010-2011,GR,nlAjax,10,2,5,3,13,16,-3,11,"47,581","Toby Alderweireld,Demy de Zeeuw-2",Maarten Stekelenburg
2010-2011,GR,ruSpartak Moscow,6,3,0,3,7,10,-3,9,"51,739","Ari,Ibson-2",Andriy Dykan
2010-2011,GR,deWerder Bremen,8,2,2,4,11,16,-5,8,"30,315",Marko Arnautović-2,Tim Wiese
2010-2011,GR,skMŠK Žilina,12,1,4,7,13,22,-9,7,"9,594","Bello Babatounde,Tomáš Majtán... -1",Martin Dúbravka
2010-2011,GR,nlTwente,6,1,3,2,9,11,-2,6,"23,933",Nacer Chadli-3,Nikolay Mihaylov
2010-2011,GR,ruRubin Kazan,6,1,3,2,2,4,-2,6,"19,557",Christian Noboa-2,Sergey Ryzhikov
2010-2011,GR,sctRangers,6,1,3,2,3,6,-3,6,"45,686","Maurice Edu,Kenny Miller... -1",Allan McGregor
2010-2011,GR,ptBenfica,6,2,0,4,7,12,-5,6,"28,620","Fábio Coentrão,Luisão-2",Roberto
2010-2011,GR,roCFR Cluj,6,1,1,4,6,12,-6,4,"10,600","Ionuț Rada,Lacina Traoré-2","Nuno Claro,Eduard Stăncioiu"
2010-2011,GR,frAuxerre,8,1,1,6,5,13,-8,4,"19,990","Valter Birsa,Steeven Langil... -1",Olivier Sorin
2010-2011,GR,grPanathinaikos,6,0,2,4,2,13,-11,2,"49,452","Cédric Kanté,Sidney Govou-1",Alexandros Tzorvas
2010-2011,GR,trBursaspor,6,0,1,5,2,16,-14,1,"17,908","Pablo Batalla,Sercan Yıldırım-1",Dimitar Ivankov
2009-2010,W,itInter,13,8,3,2,17,9,+8,27,"72,347",Diego Milito-6,Júlio César,→ Champions League via playoff win
2009-2010,F,deBayern Munich,13,7,1,5,21,15,+6,22,"70,850",Ivica Olić-7,Hans-Jörg Butt
2009-2010,SF,frLyon,14,8,3,3,25,12,+13,27,"39,509",Miralem Pjanić-4,Hugo Lloris
2009-2010,SF,esBarcelona,12,3,7,2,20,10,+10,16,"82,627",Lionel Messi-8,Víctor Valdés
2009-2010,QF,frBordeaux,10,6,3,1,14,6,+8,21,"32,540",Marouane Chamakh-5,Cédric Carrasso
2009-2010,QF,engArsenal,12,5,4,3,26,14,+12,19,"59,905",Nicklas Bendtner-5,Manuel Almunia
2009-2010,QF,engManchester Utd,10,5,3,2,21,12,+9,18,"73,296",Wayne Rooney-5,Edwin van der Sar
2009-2010,QF,ruCSKA Moscow,10,4,3,3,13,14,-1,15,"35,000",Miloš Krasić-4,Igor Akinfeev
2009-2010,R16,itFiorentina,10,5,3,2,21,14,+7,18,"34,547",Stevan Jovetić-4,Sébastien Frey
2009-2010,R16,grOlympiacos,12,5,3,4,12,8,+4,18,"30,355",Kostas Mitroglou-2,Antonios Nikopolidis
2009-2010,R16,esSevilla,8,4,3,1,13,7,+6,15,"39,375","Luís Fabiano,Frédéric Kanouté... -2",Andrés Palop
2009-2010,R16,engChelsea,8,4,3,1,12,7,+5,15,"39,614","Salomon Kalou,Nicolas Anelka... -3",Petr Čech
2009-2010,R16,ptPorto,8,5,0,3,10,9,+1,15,"36,987",Radamel Falcao-4,Helton Arruda
2009-2010,R16,esReal Madrid,8,4,2,2,16,9,+7,14,"75,800",Cristiano Ronaldo-7,Iker Casillas
2009-2010,R16,deStuttgart,10,3,5,2,12,12,0,14,"35,500","Zdravko Kuzmanović,Pavel Pogrebnyak-2",Jens Lehmann
2009-2010,R16,itMilan,8,2,3,3,10,14,-4,9,"58,349",Ronaldinho-3,Dida
2009-2010,GR,ilMaccabi Haifa,12,3,3,6,19,12,+7,12,"18,500",Nir Davidovich
2009-2010,GR,cyAPOEL FC,12,2,5,5,14,10,+4,11,"20,589",Nenad Mirosavljević-2,Dionisis Chiotis
2009-2010,GR,chZürich,10,3,2,5,15,18,-3,11,"23,608","Silvan Aegerter,Alexandre Alphonse... -1",Johnny Leoni
2009-2010,GR,huDebrecen,12,3,2,7,14,23,-9,11,"16,500","Adamo Coulibaly,Gergely Rudolf-2",Vukašin Poleksić
2009-2010,GR,roUnirea Urziceni,6,2,2,2,8,8,0,8,"16,500","Marius Bilașco,Pablo Brandán... -1",Giedrius Arlauskis
2009-2010,GR,itJuventus,6,2,2,2,4,7,-3,8,"21,519","Mauro Camoranesi,Giorgio Chiellini... -1",Gianluigi Buffon
2009-2010,GR,deWolfsburg,6,2,1,3,9,8,+1,7,"25,986",Edin Džeko-4,Diego Benaglio
2009-2010,GR,frMarseille,6,2,1,3,10,10,0,7,"57,249","Lucho González,Gabriel Heinze-2",Steve Mandanda
2009-2010,GR,engLiverpool,6,2,1,3,5,7,-2,7,"41,339",Yossi Benayoun-2,Pepe Reina
2009-2010,GR,esAtlético Madrid,8,1,4,3,8,14,-6,7,"33,543",Sergio Agüero-2,Sergio Asenjo
2009-2010,GR,ruRubin Kazan,6,1,3,2,4,7,-3,6,"26,122","Gökdeniz Karadeniz,Aleksandr Ryazantsev-1",Sergey Ryzhikov
2009-2010,GR,uaDynamo Kyiv,6,1,2,3,7,9,-2,5,"16,873","Taras Mykhalyk,Artem Milevskiy... -1",Oleksandr Shovkovskiy
2009-2010,GR,beStandard Liège,6,1,2,3,7,9,-2,5,"24,056",Milan Jovanović-2,Sinan Bolat
2009-2010,GR,nlAZ Alkmaar,6,0,4,2,4,8,-4,4,"16,417",Jeremain Lens-2,Sergio Romero
2009-2010,GR,trBeşiktaş,6,1,1,4,3,8,-5,4,"23,500","Bobô,Ekrem Dağ... -1",Rüştü Reçber
2009-2010,GR,sctRangers,6,0,2,4,4,13,-9,2,"41,323","Madjid Bougherra,Nacho Novo... -1",Allan McGregor
2008-2009,W,esBarcelona,15,8,6,2,36,14,+22,30,"72,869",Lionel Messi-9,Víctor Valdés
2008-2009,F,engManchester Utd,13,6,7,1,18,8,+10,25,"80,888","Dimitar Berbatov,Cristiano Ronaldo... -4",Edwin van der Sar
2008-2009,SF,engArsenal,14,7,3,4,23,11,+12,24,"59,469","Emmanuel Adebayor,Robin van Persie-5",Manuel Almunia
2008-2009,SF,engChelsea,12,5,6,1,20,13,+7,21,"39,612",Didier Drogba-5,Petr Čech
2008-2009,QF,engLiverpool,12,7,4,1,22,12,+10,25,"42,018",Steven Gerrard-7,Pepe Reina
2008-2009,QF,deBayern Munich,10,6,3,1,25,10,+15,21,"65,200",Miroslav Klose-7,Michael Rensing
2008-2009,QF,ptPorto,10,4,3,3,13,13,0,15,"43,420",Lisandro López-6,Helton Arruda
2008-2009,QF,esVillarreal,10,3,5,2,13,13,0,14,"24,700",Joseba Llorente-4,Diego López
2008-2009,R16,grPanathinaikos,12,6,3,3,16,11,+5,21,"62,230",Vangelis Mantzios-4,Mario Galinović
2008-2009,R16,esAtlético Madrid,10,4,5,1,15,7,+8,17,"49,197","Sergio Agüero,Maxi Rodríguez-3",Leo Franco
2008-2009,R16,itJuventus,10,4,5,1,14,7,+7,17,"22,283",Alessandro Del Piero-5,Alex Manninger
2008-2009,R16,itRoma,8,5,0,3,13,7,+6,15,"41,106","Matteo Brighi,Mirko Vučinić-3",Doni
2008-2009,R16,frLyon,8,3,3,2,17,16,+1,12,"37,898",Karim Benzema-5,Hugo Lloris
2008-2009,R16,esReal Madrid,8,4,0,4,9,10,-1,12,"68,750","Raúl,Ruud van Nistelrooy-3",Iker Casillas
2008-2009,R16,ptSporting CP,8,4,0,4,9,20,-11,12,"35,933","Liédson,Derlei-2",Rui Patrício
2008-2009,R16,itInter,8,2,3,3,8,9,-1,9,"45,250","Adriano,Mario Balotelli... -1",Júlio César
2008-2009,GR,uaDynamo Kyiv,10,5,3,2,16,9,+7,18,"13,125","Roman Eremenko,Oleksandr Aliyev... -1",Stanislav Bohush
2008-2009,GR,cyAnorthosis,12,5,3,4,18,12,+6,18,"17,480","Nikolaos Frousos,Cédric Bardon... -1",Arjan Beqaj
2008-2009,GR,dkAalborg,10,5,3,2,20,15,+5,18,"9,700",Jeppe Curth-2,Karim Zaza
2008-2009,GR,byBATE Borisov,12,4,5,3,12,12,0,17,"14,100","Sergey Krivets,Pavel Nyakhaychyk... -1",Syarhey Vyeramko
2008-2009,GR,uaShakhtar,8,5,0,3,16,8,+8,15,"21,750",Jádson-4,Andriy Pyatov
2008-2009,GR,trFenerbahçe,10,3,3,4,15,14,+1,12,"39,130",Dani Güiza-2,Volkan Demirel
2008-2009,GR,frMarseille,8,3,1,4,8,8,0,10,"49,250",Mamadou Niang-3,Steve Mandanda
2008-2009,GR,itFiorentina,8,2,4,2,7,8,-1,10,"33,140",Alberto Gilardino-4,Sébastien Frey
2008-2009,GR,chBasel,10,2,3,5,9,20,-11,9,"26,455","David Abraham,Eren Derdiyok-1",Franco Costanzo
2008-2009,GR,deWerder Bremen,6,1,4,1,7,9,-2,7,"39,322","Hugo Almeida,Claudio Pizarro-2",Tim Wiese
2008-2009,GR,frBordeaux,6,2,1,3,5,11,-6,7,"28,435",Yoann Gourcuff-2,"Ulrich Ramé,Mathieu Valverde"
2008-2009,GR,sctCeltic,6,1,2,3,4,7,-3,5,"58,146","Shaun Maloney,Scott McDonald... -1",Artur Boruc
2008-2009,GR,ruZenit,6,1,2,3,4,7,-3,5,"20,333",Danny-2,Vyacheslav Malafeev
2008-2009,GR,roSteaua,8,1,2,5,6,14,-8,5,"19,262","Arthuro,Dorin Goian... -1",Róbinson Zapata
2008-2009,GR,roCFR Cluj,6,1,1,4,5,9,-4,4,"20,833","Yssouf Koné,Emmanuel Culio-2",Eduard Stăncioiu
2008-2009,GR,nlPSV Eindhoven,6,1,0,5,5,14,-9,3,"31,000",Danny Koevermans-4,Andreas Isaksson
2007-2008,W,engManchester Utd,13,9,5,0,20,6,+14,32,"80,699",Cristiano Ronaldo-8,Edwin van der Sar
2007-2008,F,engChelsea,13,6,7,1,20,8,+12,25,"43,401",Didier Drogba-6,Petr Čech
2007-2008,SF,engLiverpool,14,8,3,3,34,12,+22,27,"41,626","Steven Gerrard,Fernando Torres-6",Pepe Reina
2007-2008,SF,esBarcelona,12,8,3,1,18,6,+12,27,"78,218",Lionel Messi-6,Víctor Valdés
2007-2008,QF,engArsenal,12,7,3,2,24,9,+15,24,"59,926",Cesc Fàbregas-4,Manuel Almunia
2007-2008,QF,trFenerbahçe,12,7,2,3,18,14,+4,23,"47,542",Deivid-5,Volkan Demirel
2007-2008,QF,itRoma,10,5,2,3,15,11,+4,17,"43,110",Mirko Vučinić-4,Doni
2007-2008,QF,deSchalke 04,10,3,2,5,6,7,-1,11,"53,951",Kevin Kurányi-3,Manuel Neuer
2007-2008,R16,esSevilla,10,8,0,2,25,13,+12,24,"38,188",Frédéric Kanouté-5,Andrés Palop
2007-2008,R16,itInter,8,5,0,3,12,7,+5,15,"40,176",Zlatan Ibrahimović-5,Júlio César
2007-2008,R16,itMilan,8,4,2,2,12,7,+5,14,"48,874",Filippo Inzaghi-4,Zeljko Kalac
2007-2008,R16,ptPorto,8,4,2,2,9,8,+1,14,"44,285",Lisandro López-3,Helton Arruda
2007-2008,R16,grOlympiacos,8,3,3,2,11,10,+1,12,"23,775","Darko Kovačević,Luciano Galletti... -3",Antonios Nikopolidis
2007-2008,R16,esReal Madrid,8,3,2,3,15,13,+2,11,"75,532",Raúl-5,Iker Casillas
2007-2008,R16,frLyon,8,3,2,3,12,12,0,11,"38,308",Karim Benzema-4,Rémy Vercoutre
2007-2008,R16,sctCeltic,10,3,2,5,9,12,-3,11,"58,757","Jiří Jarošík,Scott McDonald... -1",Artur Boruc
2007-2008,GR,noRosenborg,10,6,1,3,21,12,+9,19,"18,787","Yssouf Koné,Steffen Iversen-2",Lars Hirschfeld
2007-2008,GR,sctRangers,10,5,2,3,11,9,+2,17,"50,061",Charlie Adam-2,Allan McGregor
2007-2008,GR,trBeşiktaş,10,5,1,4,11,16,-5,16,"25,649",Bobô-2,Hakan Arıkan
2007-2008,GR,uaShakhtar,10,5,0,5,13,14,-1,15,"26,667",Cristiano Lucarelli-3,Andriy Pyatov
2007-2008,GR,ptBenfica,8,4,1,3,8,7,+1,13,"42,101",Óscar Cardozo-3,Quim
2007-2008,GR,czSlavia Prague,10,3,4,3,8,17,-9,13,"17,333",Zdeněk Šenkeřík-2,Martin Vaniak
2007-2008,GR,deWerder Bremen,8,4,0,4,13,16,-3,12,"36,812",Boubacar Sanogo-3,Tim Wiese
2007-2008,GR,esValencia,8,3,2,3,7,7,0,11,"36,500",David Villa-2,Santiago Cañizares
2007-2008,GR,roSteaua,10,3,2,5,11,13,-2,11,"20,333","Valentin Badea,Dorin Goian... -1",Róbinson Zapata
2007-2008,GR,itLazio,8,2,3,3,12,13,-1,9,"45,567",Goran Pandev-4,Marco Ballotta
2007-2008,GR,ptSporting CP,6,2,1,3,9,8,+1,7,"31,305",Liédson-4,"Rui Patrício,Vladimir Stojković..."
2007-2008,GR,frMarseille,6,2,1,3,6,9,-3,7,"53,032",Mamadou Niang-2,Steve Mandanda
2007-2008,GR,nlPSV Eindhoven,6,2,1,3,3,6,-3,7,"34,333","Jefferson Farfán,Danko Lazović... -1",Heurelho Gomes
2007-2008,GR,uaDynamo Kyiv,8,2,0,6,8,19,-11,6,"32,667",Ismaël Bangoura-2,Oleksandr Shovkovskiy
2007-2008,GR,deStuttgart,6,1,0,5,7,15,-8,3,"51,300",Mario Gómez-3,Raphael Schäfer
2007-2008,GR,ruCSKA Moscow,6,0,1,5,7,14,-7,1,"24,667",Vágner Love-3,"Igor Akinfeev,Veniamin Mandrykin"
2006-2007,W,itMilan,15,9,4,3,23,11,+12,31,"55,496",Kaká-10,Dida
2006-2007,F,engLiverpool,15,9,3,4,22,12,+10,30,"50,527",Peter Crouch-6,Pepe Reina
2006-2007,SF,engManchester Utd,12,8,0,4,23,13,+10,24,"74,081",Wayne Rooney-4,Edwin van der Sar
2006-2007,SF,engChelsea,12,7,3,2,17,9,+8,24,"37,114",Didier Drogba-6,Petr Čech
2006-2007,QF,esValencia,12,5,4,3,19,12,+7,19,"41,708",Fernando Morientes-6,Santiago Cañizares
2006-2007,QF,itRoma,10,5,2,3,13,12,+1,17,"48,032",Francesco Totti-4,Doni
2006-2007,QF,deBayern Munich,10,4,4,2,16,11,+5,16,"65,400",Claudio Pizarro-4,Oliver Kahn
2006-2007,QF,nlPSV Eindhoven,10,4,2,4,8,11,-3,14,"33,340","Alex,Arouna Koné-2",Heurelho Gomes
2006-2007,R16,engArsenal,10,5,3,2,13,6,+7,18,"59,975","Emmanuel Eboué,Júlio Baptista... -1",Jens Lehmann
2006-2007,R16,frLyon,8,4,3,1,12,5,+7,15,"39,786","Karim Benzema,Fred... -2",Grégory Coupet
2006-2007,R16,frLille,10,4,3,3,12,7,+5,15,"36,512","Nicolas Fauvergue,Peter Odemwingie-2",Tony Sylva
2006-2007,R16,esBarcelona,8,4,2,2,14,6,+8,14,"85,626",Eiður Guðjohnsen-3,Víctor Valdés
2006-2007,R16,esReal Madrid,8,4,2,2,18,12,+6,14,"71,854",Ruud van Nistelrooy-6,Iker Casillas
2006-2007,R16,ptPorto,8,3,3,2,11,7,+4,12,"41,014","Lucho González,Lisandro López-3",Helton Arruda
2006-2007,R16,itInter,8,3,3,2,7,7,0,12,"29,487",Julio Ricardo Cruz-3,Júlio César
2006-2007,R16,sctCeltic,8,3,1,4,8,10,-2,10,"58,832",Kenny Miller-3,Artur Boruc
2006-2007,GR,roSteaua,10,4,3,3,16,14,+2,15,"24,155",Nicolae Dică-4,"Carlos Fernandes,Cornel Cernea"
2006-2007,GR,ruCSKA Moscow,8,4,2,2,9,5,+4,14,"24,551","Daniel Carvalho,Ivica Olić... -1",Igor Akinfeev
2006-2007,GR,grAEK Athens,8,4,2,2,11,10,+1,14,"40,990",Júlio César-2,Stefano Sorrentino
2006-2007,GR,dkFC Copenhagen,10,4,2,4,12,12,0,14,"39,680",Marcus Allbäck-3,Jesper Christiansen
2006-2007,GR,uaDynamo Kyiv,10,3,3,4,18,20,-2,12,"36,667",Maksim Shatskikh-2,Oleksandr Shovkovskiy
2006-2007,GR,uaShakhtar,8,3,3,2,10,13,-3,12,"25,400","Ciprian Marica,Matuzalém-2",Bohdan Shust
2006-2007,GR,ptBenfica,8,3,2,3,11,9,+2,11,"45,918",Fabrizio Miccoli-2,Quim
2006-2007,GR,ruSpartak Moscow,10,2,5,3,10,13,-3,11,"35,333","Maksym Kalynychenko,Denis Boyarintsev... -2",Wojciech Kowalewski
2006-2007,GR,deWerder Bremen,6,3,1,2,7,5,+2,10,"36,885","Torsten Frings,Frank Baumann... -1",Tim Wiese
2006-2007,GR,bgLevski Sofia,10,3,1,6,9,19,-10,10,"36,504",Mariyan Ognyanov-1,Georgi Petkov
2006-2007,GR,trGalatasaray,8,2,2,4,13,15,-2,8,"48,018","Saša Ilić,Ümit Karan-2",Faryd Mondragón
2006-2007,GR,frBordeaux,6,2,1,3,6,7,-1,7,"25,964",Julien Faubert-2,Ulrich Ramé
2006-2007,GR,ptSporting CP,6,1,2,3,3,6,-3,5,"29,239","Carlos Bueno,Marco Caneira... -1",Ricardo
2006-2007,GR,deHamburger SV,8,1,2,5,8,16,-8,5,"48,999",Rafael van der Vaart-3,Stefan Wächter
2006-2007,GR,beAnderlecht,6,0,4,2,7,11,-4,4,"21,027","Nicolás Frutos,Mbo Mpenza-2",Daniel Zítka
2006-2007,GR,grOlympiacos,6,0,3,3,6,11,-5,3,"31,101",Nery Castillo-3,Antonios Nikopolidis
2005-2006,W,esBarcelona,13,9,5,0,24,5,+19,32,"88,420",Ronaldinho-7,Víctor Valdés
2005-2006,F,engArsenal,13,8,5,1,15,4,+11,29,"45,212",Thierry Henry-5,Jens Lehmann
2005-2006,SF,esVillarreal,14,5,7,2,12,9,+3,22,"22,917",Diego Forlán-3,Sebastián Viera
2005-2006,SF,itMilan,12,5,5,2,20,10,+10,20,"59,211",Andriy Shevchenko-9,Dida
2005-2006,QF,itInter,12,7,3,2,17,9,+8,24,"23,000",Adriano-5,"Júlio César,Francesco Toldo"
2005-2006,QF,frLyon,10,7,2,1,19,7,+12,23,"39,437","Juninho Pernambucano,John Carew-3",Grégory Coupet
2005-2006,QF,itJuventus,10,6,1,3,16,11,+5,19,"25,416",David Trezeguet-6,Christian Abbiati
2005-2006,QF,ptBenfica,10,4,3,3,8,7,+1,15,"54,237","Fabrizio Miccoli,Simão Sabrosa-2",Marcelo Moretto
2005-2006,R16,engLiverpool,14,8,3,3,20,7,+13,27,"42,543","Luis García,Djibril Cissé-2",Pepe Reina
2005-2006,R16,nlAjax,10,4,4,2,17,12,+5,16,"46,631","Yannis Anastasiou,Nigel de Jong-3",Maarten Stekelenburg
2005-2006,R16,sctRangers,10,3,6,1,14,11,+3,15,"49,040",Peter Løvenkrands-4,Ronald Waterreus
2005-2006,R16,deBayern Munich,8,4,2,2,12,9,+3,14,"65,882",Sebastian Deisler-3,Oliver Kahn
2005-2006,R16,deWerder Bremen,10,4,1,5,20,18,+2,13,"37,919",Johan Micoud-4,Andreas Reinke
2005-2006,R16,engChelsea,8,3,3,2,9,4,+5,12,"36,788","Ricardo Carvalho,Frank Lampard... -2",Petr Čech
2005-2006,R16,esReal Madrid,8,3,2,3,10,9,+1,11,"69,796","Iván Helguera,Raúl-2",Iker Casillas
2005-2006,R16,nlPSV Eindhoven,8,3,1,4,4,11,-7,10,"33,250",Jefferson Farfán-2,Heurelho Gomes
2005-2006,GR,chThun,10,4,2,4,11,11,0,14,"31,011","Adriano Pimenta,Nelson Ferreira... -1",Eldin Jakupović
2005-2006,GR,skArtmedia,12,3,5,4,14,16,-2,14,"14,356","Balázs Borbély,Ján Kozák-2",Juraj Čobej
2005-2006,GR,itUdinese,8,4,1,3,14,14,0,13,"28,133",Vincenzo Iaquinta-4,Morgan De Sanctis
2005-2006,GR,engManchester Utd,8,3,3,2,9,4,+5,12,"64,736","Ryan Giggs,Paul Scholes... -1",Edwin van der Sar
2005-2006,GR,beAnderlecht,10,4,0,6,10,10,0,12,"21,649",Vincent Kompany-1,Silvio Proto
2005-2006,GR,esBetis,8,3,2,3,6,9,-3,11,"37,333","Arzu,Daniel Martín... -1",Toni Doblas
2005-2006,GR,beClub Brugge,8,3,1,4,7,8,-1,10,"27,753","Boško Balaban,Javier Portillo-2",Tomislav Butina
2005-2006,GR,atRapid Wien,10,3,1,6,14,19,-5,10,"44,600",Marek Kincl-2,Helge Payer
2005-2006,GR,deSchalke 04,6,2,2,2,12,9,+3,8,"53,804",Levan Kobiashvili-3,Frank Rost
2005-2006,GR,noRosenborg,8,2,2,4,10,14,-4,8,"21,053","Daniel Braaten,Thorstein Helstad... -1",Espen Johnsen
2005-2006,GR,grPanathinaikos,8,2,1,5,9,20,-11,7,"45,000","Constantinos Charalambides,Ezequiel González... -1",Mario Galinović
2005-2006,GR,frLille,6,1,3,2,1,2,-1,6,"59,269",Milenko Ačimovič-1,Tony Sylva
2005-2006,GR,ptPorto,6,1,2,3,8,9,-1,5,"38,855",Pepe-2,Vítor Baía
2005-2006,GR,grOlympiacos,6,1,1,4,7,13,-6,4,"30,337","Pantelis Kafes,Rivaldo-2",Antonios Nikopolidis
2005-2006,GR,trFenerbahçe,6,1,1,4,7,14,-7,4,"44,298",Alex-3,Volkan Demirel
2005-2006,GR,czSparta Prague,6,0,2,4,2,9,-7,2,"12,382","Miroslav Matušovič,Martin Petráš-1",Jaromír Blažek
2004-2005,W,engLiverpool,15,8,5,3,20,10,+10,29,"48,916",Luis García-5,Jerzy Dudek
2004-2005,F,itMilan,13,9,3,2,23,9,+14,30,"78,489",Hernán Crespo-6,Dida
2004-2005,SF,nlPSV Eindhoven,14,7,3,4,21,15,+6,24,"31,758","DaMarcus Beasley,Phillip Cocu-3",Heurelho Gomes
2004-2005,SF,engChelsea,12,6,2,4,21,13,+8,20,"39,254",Didier Drogba-5,Petr Čech
2004-2005,QF,itJuventus,12,7,3,2,15,7,+8,24,"29,334","Pavel Nedvěd,Alessandro Del Piero... -2",Gianluigi Buffon
2004-2005,QF,itInter,12,6,4,2,23,12,+11,22,"46,356",Adriano-7,Francesco Toldo
2004-2005,QF,frLyon,10,6,3,1,29,12,+17,21,"39,416",Sylvain Wiltord-6,Grégory Coupet
2004-2005,QF,deBayern Munich,10,5,1,4,20,13,+7,16,"54,400",Roy Makaay-7,Oliver Kahn
2004-2005,R16,esReal Madrid,10,6,2,2,17,11,+6,20,"67,193","Luís Figo,Raúl-4",Iker Casillas
2004-2005,R16,frMonaco,10,6,0,4,19,7,+12,18,"15,581",Javier Saviola-4,Flavio Roma
2004-2005,R16,engManchester Utd,10,5,2,3,19,12,+7,17,"66,849",Ruud van Nistelrooy-8,Roy Carroll
2004-2005,R16,deLeverkusen,10,4,2,4,21,15,+6,14,"22,500","Dimitar Berbatov,França... -3",Hans-Jörg Butt
2004-2005,R16,engArsenal,8,3,4,1,13,9,+4,13,"35,022",Thierry Henry-5,Jens Lehmann
2004-2005,R16,esBarcelona,8,4,1,3,13,11,+2,13,"67,579","Samuel Eto'o,Ronaldinho-4",Víctor Valdés
2004-2005,R16,deWerder Bremen,8,4,1,3,14,16,-2,13,"36,761",Ivan Klasnić-5,Andreas Reinke
2004-2005,R16,ptPorto,8,2,3,3,6,10,-4,9,"50,005",Benni McCarthy-3,Vítor Baía
2004-2005,GR,uaShakhtar,10,5,1,4,15,13,+2,16,"24,780","Julius Aghahowa,Matuzalém-2",Jan Laštůvka
2004-2005,GR,ruCSKA Moscow,10,4,3,3,10,7,+3,15,"23,432",Sergei Semak-4,Igor Akinfeev
2004-2005,GR,noRosenborg,10,4,2,4,15,17,-2,14,"20,912",Thorstein Helstad-2,Espen Johnsen
2004-2005,GR,ilMaccabi Tel Aviv,10,4,2,4,9,12,-3,14,"20,340",Baruch Dego-4,Liran Strauber
2004-2005,GR,uaDynamo Kyiv,8,4,1,3,14,10,+4,13,"78,333","Florin Cernat,Diogo Rincón-2",Oleksandr Shovkovskiy
2004-2005,GR,grOlympiacos,6,3,1,2,5,5,0,10,"32,782","Predrag Đorđević,Ioannis Okkas... -1",Antonios Nikopolidis
2004-2005,GR,grPanathinaikos,6,2,3,1,11,8,+3,9,"11,959",Ezequiel González-3,Kostas Chalkias
2004-2005,GR,trFenerbahçe,6,3,0,3,10,13,-3,9,"36,701",Tuncay Şanlı-5,Rüştü Reçber
2004-2005,GR,czSparta Prague,10,2,2,6,8,17,-9,8,"14,711","Tomáš Jun,Lukáš Zelenka-1",Jaromír Blažek
2004-2005,GR,esValencia,6,2,1,3,6,10,-4,7,"35,945",Vicente Rodríguez-2,Santiago Cañizares
2004-2005,GR,esLa Coruña,8,1,3,4,3,9,-6,6,"17,473",José Molina
2004-2005,GR,frParis S-G,6,1,2,3,3,8,-5,5,"40,629","Charles-Édouard Coridon,Fabrice Pancrate... -1",Lionel Letizi
2004-2005,GR,sctCeltic,6,1,2,3,4,10,-6,5,"58,740","John Hartson,Stanislav Varga... -1",David Marshall
2004-2005,GR,nlAjax,6,1,1,4,6,10,-4,4,"49,185","Tomáš Galásek,Nicolae Mitea... -1","Bogdan Lobonț,Hans Vonk..."
2004-2005,GR,beAnderlecht,8,1,0,7,7,18,-11,3,"21,519",Christian Wilhelmsson-2,Daniel Zítka
2004-2005,GR,itRoma,6,0,1,5,4,16,-12,1,"19,027","Antonio Cassano,Vincenzo Montella... -1",Ivan Pelizzoli
2003-2004,W,ptPorto,13,7,6,1,20,12,+8,27,"45,283",Benni McCarthy-4,Vítor Baía
2003-2004,F,frMonaco,13,6,4,4,27,19,+8,22,"22,558",Fernando Morientes-9,Flavio Roma
2003-2004,SF,engChelsea,14,8,4,2,21,10,+11,28,"38,013",Frank Lampard-4,Carlo Cudicini
2003-2004,SF,esLa Coruña,14,7,3,4,20,17,+3,24,"26,079",Albert Luque-4,José Molina
2003-2004,QF,esReal Madrid,10,6,3,1,18,11,+7,21,"59,429",Ronaldo-4,Iker Casillas
2003-2004,QF,engArsenal,10,5,2,3,16,11,+5,17,"35,009",Thierry Henry-5,Jens Lehmann
2003-2004,QF,itMilan,10,5,2,3,12,9,+3,17,"47,132","Kaká,Andriy Shevchenko-4",Dida
2003-2004,QF,frLyon,10,5,2,3,11,11,0,17,"38,740",Juninho Pernambucano-5,Grégory Coupet
2003-2004,R16,engManchester Utd,8,5,1,2,15,5,+10,16,"66,849",Ruud van Nistelrooy-4,Tim Howard
2003-2004,R16,ruLoko Moscow,10,4,2,4,12,11,+1,14,"26,750",Dmitri Loskov-2,Sergei Ovchinnikov
2003-2004,R16,itJuventus,8,4,1,3,15,8,+7,13,"17,231",David Trezeguet-4,Gianluigi Buffon
2003-2004,R16,deStuttgart,8,4,1,3,9,7,+2,13,"46,919",Kevin Kurányi-3,Timo Hildebrand
2003-2004,R16,czSparta Prague,10,3,4,3,11,13,-2,13,"17,994",Karel Poborský-2,Jaromír Blažek
2003-2004,R16,esCelta Vigo,10,3,3,4,12,13,-1,12,"20,803",José Ignacio-2,José Manuel Pinto
2003-2004,R16,deBayern Munich,8,2,4,2,7,7,0,10,"54,500",Roy Makaay-5,Oliver Kahn
2003-2004,R16,esReal Sociedad,8,2,3,3,8,10,-2,9,"29,148",Darko Kovačević-2,Sander Westerveld
2003-2004,GR,sctCeltic,10,6,1,3,18,7,+11,19,"58,941",Chris Sutton-3,Magnus Hedman
2003-2004,GR,beAnderlecht,10,5,2,3,11,9,+2,17,"22,053",Aruna Dindane-2,Daniel Zítka
2003-2004,GR,uaDynamo Kyiv,8,4,1,3,13,9,+4,13,"79,250",Diogo Rincón-3,Oleksandr Shovkovskiy
2003-2004,GR,trGalatasaray,8,4,1,3,12,8,+4,13,"47,929",Hakan Şükür-5,Faryd Mondragón
2003-2004,GR,itLazio,8,3,2,3,10,11,-1,11,"32,670",Simone Inzaghi-3,Angelo Peruzzi
2003-2004,GR,beClub Brugge,8,3,2,3,8,9,-1,11,"27,505",Rune Lange-2,Dany Verlinden
2003-2004,GR,nlPSV Eindhoven,6,3,1,2,8,7,+1,10,"28,167","Wilfred Bouma,John de Jong... -2",Ronald Waterreus
2003-2004,GR,nlAjax,8,3,1,4,9,9,0,10,"49,365",Wesley Sonck-4,Bogdan Lobonț
2003-2004,GR,frMarseille,8,2,2,4,10,11,-1,8,"54,935",Didier Drogba-5,Vedran Runje
2003-2004,GR,itInter,6,2,2,2,8,11,-3,8,"34,033","Daniele Adani,Christian Vieri-2",Francesco Toldo
2003-2004,GR,rsPartizan,10,1,5,4,7,12,-5,8,"31,441",Andrija Delibašić-3,Đorđe Pantić
2003-2004,GR,sctRangers,8,2,2,4,7,12,-5,8,"48,425","Emerson,Michael Mols... -1",Stefan Klos
2003-2004,GR,trBeşiktaş,6,2,1,3,5,7,-2,7,"31,379","Daniel Pancu,Sergen Yalçın-2",Óscar Córdoba
2003-2004,GR,grAEK Athens,8,1,2,5,4,13,-9,5,"10,238",Vasilios Tsiartas-1,Chrisostomos Michailidis
2003-2004,GR,grOlympiacos,6,1,1,4,6,13,-7,4,"13,005","Nery Castillo,Ieroklis Stoltidis-2",Fanis Katergiannakis
2003-2004,GR,grPanathinaikos,6,1,1,4,5,13,-8,4,"9,469",Michalis Konstantinou-2,Antonios Nikopolidis
